Codigo,Nome,Pop,Disasters, Status
4300109,Agudo,16344.0,"[3, 5]", DH em TR50 = 18000
4300208,Ajuricaba,6951.0,"[4]", 1 Desastre
4300307,Alecrim,5710.0,"[0, 1, 2, 5]", Ok
4300406,Alegrete,72493.0,"[0, 1, 3, 4, 5, 6, 7, 8, 9, 10, 11, 12, 13]", ???
4300455,Alegria,3287.0,[], 0 Desastres
4300471,Almirante Tamandaré do Sul,1935.0,[], 0 Desastres
4300505,Alpestre,5885.0,"[1]", 1 Desastre
4300554,Alto Alegre,1590.0,[], 0 Desastres
4300570,Alto Feliz,3043.0,"[0]", 1 Desastre
4300604,Alvorada,212352.0,"[0, 1, 2, 4]", Ok
4300638,Amaral Ferrador,7136.0,"[]", 0 Desastres
4300646,Ametista do Sul,7396.0,"[1, 2, 3, 4, 5, 6, 7, 8]", ???
4300661,André da Rocha,1351.0,[], 0 Desastres
4300703,Anta Gorda,5941.0,"[7]", 1 Desastre
4300802,Antônio Prado,13041.0,"[0]", 1 Desastre
4300877,Araricá,5840.0,"[5]", 1 Desastre
4300901,Aratiba,6145.0,"[2]", 1 Desastre
4301008,Arroio do Meio,21121.0,"[2, 3, 4, 5, 8, 9, 10, 12, 13]", ???
4301206,Arroio do Tigre,13452.0,"[1, 2]", DH em TR50 = 77000
4301404,Arvorezinha,10422.0,"[1]", 1 Desastre
4301503,Augusto Pestana,6545.0,"[0]", 1 Desastre
4300059,Água Santa,3738.0,"[0]", 1 Desastre
4301552,Áurea,3517.0,"[1, 2, 3, 4]", ???
