Codigo,Nome,Pop,Disasters
4300109,Agudo,16344.0,"[1, 3, 5, 6, 7, 8, 9]"
4300208,Ajuricaba,6951.0,"[0, 3, 4, 5, 6, 7]"
4300307,Alecrim,5710.0,"[0, 1, 2, 3, 4, 5, 6]"
4300406,Alegrete,72493.0,"[0, 1, 3, 4, 5, 6, 7, 8, 9, 10, 11, 12, 13]"
4300455,Alegria,3287.0,[]
4300471,Almirante Tamandaré do Sul,1935.0,[]
4300505,Alpestre,5885.0,"[0, 1, 2, 3, 4]"
4300554,Alto Alegre,1590.0,[1]
4300570,Alto Feliz,3043.0,"[0, 1, 2, 3]"
4300604,Alvorada,212352.0,"[0, 1, 2, 3, 4, 5]"
4300638,Amaral Ferrador,7136.0,"[3, 4, 5, 6, 7, 8, 9, 10]"
4300646,Ametista do Sul,7396.0,"[1, 2, 3, 4, 5, 6, 7, 8]"
4300661,André da Rocha,1351.0,[]
4300703,Anta Gorda,5941.0,"[3, 4, 5, 6, 7, 8]"
4300802,Antônio Prado,13041.0,"[0, 1]"
4300877,Araricá,5840.0,"[4, 5, 6]"
4300901,Aratiba,6145.0,"[2, 3, 4]"
4301008,Arroio do Meio,21121.0,"[2, 3, 4, 5, 8, 9, 10, 12, 13]"
4301206,Arroio do Tigre,13452.0,"[1, 2, 3, 4, 5, 6, 7]"
4301404,Arvorezinha,10422.0,"[1, 2, 3, 4]"
4301503,Augusto Pestana,6545.0,"[0, 1, 2]"
4300059,Água Santa,3738.0,"[0, 1, 2, 3, 4, 5]"
4301552,Áurea,3517.0,"[1, 2, 3, 4]"
